sensor_id,flame,smoke,temperature,humidity,alert_intensity,confidence_score
S0001,0.88,0.0,61.3,30.7,Medium,0.61
S0002,0.87,0.79,36.0,54.9,High,0.82
S0003,0.34,0.34,33.3,30.1,Low,0.35
S0004,0.37,0.89,89.3,65.2,High,0.74
S0005,0.48,0.3,45.0,10.0,Medium,0.64
S0006,0.99,0.62,55.7,95.0,Medium,0.64
S0007,0.5,0.2,52.5,24.4,Medium,0.52
S0008,0.88,0.69,92.2,83.1,High,0.76
S0009,0.8,0.61,94.6,26.7,High,1.0
S0010,0.34,0.65,83.2,50.6,High,0.73
S0011,0.33,0.0,15.0,10.0,Low,0.17
S0012,0.65,0.84,84.7,22.6,High,1.0
S0013,0.29,0.53,37.5,63.3,Low,0.26
S0014,0.38,0.48,35.9,61.1,Low,0.28
S0015,1.0,0.62,72.1,42.8,High,0.87
S0016,0.37,0.81,31.7,38.3,Medium,0.47
S0017,0.54,0.64,70.3,44.8,Medium,0.66
S0018,0.61,0.46,58.5,35.3,High,0.72
S0019,0.74,0.61,31.4,70.1,Medium,0.49
S0020,0.33,0.82,39.2,20.3,Medium,0.62
S0021,0.42,0.3,82.4,39.2,Medium,0.65
S0022,0.47,0.23,48.5,47.2,Low,0.34
S0023,0.55,1.0,69.6,91.2,High,0.75
S0024,0.36,0.49,62.8,32.9,Medium,0.58
S0025,0.39,0.56,59.6,51.1,Medium,0.56
S0026,0.0,0.98,83.9,50.6,Medium,0.59
S0027,0.5,0.36,61.1,83.1,Medium,0.41
S0028,0.16,0.0,32.2,59.9,Low,0.0
S0029,0.64,0.38,82.6,26.6,High,0.71
S0030,0.48,0.79,71.2,88.0,Medium,0.62
S0031,0.5,0.57,43.5,43.1,Medium,0.61
S0032,0.79,0.84,66.3,19.4,High,0.95
S0033,0.42,0.56,70.4,58.4,Medium,0.5
S0034,0.11,0.61,64.3,45.5,Medium,0.53
S0035,0.46,0.66,27.9,93.4,Low,0.18
S0036,0.59,0.54,30.4,39.0,Medium,0.51
S0037,0.12,0.52,78.8,78.1,Low,0.29
S0038,0.63,0.35,32.4,85.7,Low,0.13
S0039,0.51,0.42,33.5,24.9,Medium,0.42
S0040,0.55,0.63,15.6,10.0,Medium,0.54
S0041,0.61,0.42,41.1,72.1,Low,0.36
S0042,0.61,1.0,53.7,28.9,High,0.89
S0043,0.55,0.44,58.9,65.6,Medium,0.56
S0044,0.31,1.0,82.9,55.5,High,0.73
S0045,0.27,0.05,87.3,73.4,Low,0.27
S0046,0.18,0.49,46.4,58.2,Low,0.33
S0047,0.92,0.81,56.6,33.6,High,1.0
S0048,0.43,1.0,59.2,30.6,High,0.79
S0049,0.51,0.6,59.8,60.0,Medium,0.56
S0050,0.73,0.32,54.7,86.7,Medium,0.43
S0051,0.61,1.0,64.3,28.2,High,0.98
S0052,0.58,0.16,72.0,28.6,Medium,0.52
S0053,0.48,0.3,42.2,35.2,Medium,0.44
S0054,0.59,0.25,74.3,10.0,High,0.84
S0055,0.25,0.11,28.5,64.4,Low,0.02
S0056,0.55,0.65,66.9,34.4,High,0.71
S0057,0.9,0.39,94.8,36.1,High,0.94
S0058,0.48,0.58,76.4,48.3,High,0.72
S0059,0.86,0.65,62.2,45.0,High,0.8
S0060,0.3,0.79,44.1,63.6,Medium,0.52
S0061,0.64,0.0,64.2,82.0,Low,0.31
S0062,0.19,0.72,26.9,60.0,Low,0.22
S0063,0.26,0.95,95.0,10.0,High,1.0
S0064,0.48,0.49,40.0,44.0,Medium,0.52
S0065,0.62,0.09,47.5,50.2,Low,0.31
S0066,0.28,0.66,95.0,33.0,Medium,0.68
S0067,0.54,0.74,75.5,68.4,Medium,0.62
S0068,0.39,0.36,93.1,23.0,High,0.73
S0069,0.15,0.28,50.9,10.0,Low,0.39
S0070,0.49,0.34,51.0,87.5,Low,0.15
S0071,0.39,0.6,68.2,60.9,Medium,0.46
S0072,0.47,0.92,47.6,25.8,High,0.76
S0073,0.2,0.5,35.9,26.5,Medium,0.41
S0074,0.61,0.54,55.1,54.7,Medium,0.61
S0075,0.5,0.34,24.7,73.2,Low,0.19
S0076,0.7,0.49,77.1,23.8,High,0.88
S0077,0.35,0.16,41.2,50.0,Low,0.27
S0078,0.19,0.91,59.1,48.5,Medium,0.55
S0079,0.36,0.36,51.4,44.6,Low,0.3
S0080,0.2,0.35,87.1,28.3,Medium,0.53
S0081,0.46,0.29,15.0,67.6,Low,0.1
S0082,0.43,0.75,78.3,74.1,Medium,0.64
S0083,0.0,0.2,75.0,39.0,Low,0.29
S0084,0.3,0.46,61.6,95.0,Low,0.2
S0085,0.85,0.43,56.7,95.0,Medium,0.5
S0086,0.3,0.13,68.9,41.2,Low,0.33
S0087,0.5,0.48,93.9,22.2,High,0.77
S0088,1.0,0.56,43.2,42.4,High,0.79
S0089,0.38,1.0,49.6,10.0,High,0.92
S0090,0.25,0.29,62.8,38.0,Medium,0.46
S0091,0.22,0.88,81.0,78.8,Medium,0.63
S0092,0.12,0.31,47.2,95.0,Low,0.03
S0093,0.46,0.9,62.2,86.2,Medium,0.57
S0094,0.53,0.88,52.6,10.0,High,0.85
S0095,0.26,0.38,34.6,69.0,Low,0.16
S0096,0.11,0.77,70.2,29.8,Medium,0.59
S0097,0.0,1.0,87.1,15.7,High,0.78
S0098,0.26,0.39,73.2,44.3,Low,0.38
S0099,0.6,0.66,41.9,61.8,Medium,0.55
S0100,0.15,0.47,15.0,78.5,Low,0.01
S0101,0.7,0.66,18.1,39.3,Medium,0.67
S0102,0.4,0.57,65.2,93.0,Low,0.29
S0103,0.8,0.32,56.1,44.5,Medium,0.65
S0104,0.53,0.7,38.0,46.1,Medium,0.64
S0105,0.61,1.0,62.2,26.3,High,0.96
S0106,0.62,0.68,56.8,60.2,Medium,0.61
S0107,0.71,0.08,59.8,66.2,Low,0.35
S0108,0.0,0.92,74.5,64.8,Medium,0.56
S0109,0.08,0.39,70.8,61.6,Low,0.35
S0110,0.8,0.66,46.0,80.4,Medium,0.46
S0111,0.93,0.5,67.1,61.6,High,0.79
S0112,0.62,0.86,42.9,62.4,Medium,0.6
S0113,0.6,0.32,26.7,10.0,Medium,0.5
S0114,0.5,0.41,83.4,45.1,Medium,0.65
S0115,0.81,0.0,50.6,38.0,Medium,0.46
S0116,0.52,0.82,93.1,56.9,High,0.92
S0117,0.61,0.57,95.0,28.1,High,0.92
S0118,0.0,0.26,32.0,74.0,Low,0.0
S0119,0.38,0.75,27.2,39.5,Medium,0.45
S0120,0.55,0.45,51.2,78.2,Low,0.34
S0121,0.78,0.28,79.9,70.2,Medium,0.53
S0122,0.52,0.12,55.0,67.5,Low,0.21
S0123,0.22,0.6,73.2,45.3,Medium,0.47
S0124,0.82,0.56,58.8,85.8,Medium,0.57
S0125,0.82,0.23,50.4,62.0,Low,0.39
S0126,0.16,0.06,54.1,43.8,Low,0.19
S0127,0.43,0.72,45.5,86.2,Medium,0.46
S0128,0.14,0.74,46.7,28.9,Medium,0.51
S0129,0.39,0.15,89.4,21.5,Medium,0.64
S0130,0.1,0.56,48.1,38.4,Low,0.36
S0131,0.4,0.97,26.8,68.1,Low,0.4
S0132,0.45,0.46,43.4,30.5,Medium,0.53
S0133,0.0,0.58,56.8,40.3,Medium,0.46
S0134,0.03,0.71,44.4,13.7,Medium,0.62
S0135,0.69,0.79,68.0,88.0,Medium,0.6
S0136,0.42,0.0,66.1,62.6,Low,0.22
S0137,0.12,0.19,15.0,32.4,Low,0.14
S0138,0.58,0.49,64.7,54.9,Medium,0.56
S0139,0.63,1.0,84.7,27.2,High,1.0
S0140,0.24,0.78,51.7,49.8,Medium,0.47
S0141,0.42,0.86,22.2,44.7,Medium,0.49
S0142,0.81,0.74,63.0,15.3,High,0.92
S0143,0.58,0.39,15.9,34.8,Low,0.36
S0144,0.3,0.54,52.3,10.0,Medium,0.61
S0145,0.83,0.57,95.0,84.3,High,0.75
S0146,0.55,0.29,15.0,42.5,Low,0.26
S0147,0.4,0.29,70.6,62.0,Low,0.39
S0148,0.45,0.22,24.9,56.1,Low,0.26
S0149,0.55,0.4,73.0,57.4,Medium,0.62
S0150,0.56,0.82,64.8,35.8,High,0.84
S0151,0.64,1.0,68.7,49.0,High,0.99
S0152,0.53,0.41,56.9,30.1,Medium,0.68
S0153,0.02,0.54,59.0,37.4,Low,0.34
S0154,0.66,0.67,81.9,16.5,High,0.92
S0155,0.49,0.26,49.0,58.3,Low,0.36
S0156,0.25,0.55,57.2,10.0,High,0.71
S0157,0.61,0.09,85.6,14.2,High,0.77
S0158,0.47,0.68,72.8,63.6,Medium,0.54
S0159,0.37,0.26,76.6,47.2,Medium,0.56
S0160,0.53,0.72,41.0,43.6,High,0.71
S0161,0.5,0.67,40.9,20.3,Medium,0.67
S0162,0.88,0.47,55.0,73.8,Medium,0.56
S0163,0.61,0.28,70.2,30.6,Medium,0.54
S0164,0.27,0.74,93.4,69.8,Medium,0.56
S0165,0.71,0.72,15.0,59.2,Medium,0.55
S0166,0.78,0.56,15.3,91.7,Low,0.3
S0167,0.6,0.46,94.0,11.8,High,0.85
S0168,0.54,0.06,42.4,25.8,Low,0.32
S0169,0.69,0.19,76.8,79.8,Low,0.4
S0170,0.49,0.01,52.0,95.0,Low,0.0
S0171,0.97,0.04,58.8,58.3,Medium,0.6
S0172,0.46,0.37,65.2,77.7,Medium,0.45
S0173,0.43,0.67,61.0,16.9,High,0.71
S0174,0.22,0.86,73.4,45.7,Medium,0.66
S0175,0.42,0.39,50.0,37.7,Medium,0.53
S0176,0.65,0.44,75.1,56.5,Medium,0.61
S0177,0.79,0.9,83.2,85.5,High,0.88
S0178,0.56,0.86,49.3,61.0,High,0.71
S0179,0.58,1.0,57.6,63.2,Medium,0.68
S0180,0.41,0.38,30.9,58.0,Low,0.28
S0181,0.5,0.62,41.1,20.6,Medium,0.64
S0182,0.26,0.0,90.3,90.7,Low,0.03
S0183,1.0,0.95,69.4,63.2,High,0.91
S0184,0.15,0.25,63.8,47.2,Low,0.27
S0185,0.41,0.62,50.3,44.3,Medium,0.61
S0186,0.25,0.95,57.8,59.6,Medium,0.6
S0187,0.4,0.58,54.0,24.0,Medium,0.59
S0188,0.74,0.66,52.1,86.3,Medium,0.51
S0189,0.3,0.65,33.9,84.0,Low,0.27
S0190,0.54,0.41,67.0,90.9,Medium,0.41
S0191,0.68,0.63,46.6,65.2,Medium,0.61
S0192,0.84,0.7,64.2,59.8,High,0.79
S0193,0.08,0.07,51.6,65.7,Low,0.0
S0194,0.43,0.27,93.2,14.8,High,0.78
S0195,0.56,0.52,34.0,51.4,Medium,0.51
S0196,0.7,0.52,43.2,51.0,Medium,0.6
S0197,0.47,0.92,54.6,10.0,High,0.97
S0198,0.45,1.0,90.7,13.1,High,1.0
S0199,0.32,0.25,63.0,29.4,Medium,0.46
S0200,0.17,0.62,34.0,74.7,Low,0.2
S0201,0.77,0.3,54.3,79.7,Medium,0.42
S0202,0.41,0.82,87.6,40.8,High,0.82
S0203,0.93,0.55,45.9,78.9,Medium,0.62
S0204,0.61,0.0,88.4,35.1,Medium,0.54
S0205,0.01,0.49,32.0,94.2,Low,0.04
S0206,0.43,0.62,68.6,71.0,Medium,0.61
S0207,0.42,0.68,22.6,55.4,Low,0.32
S0208,0.37,0.86,36.6,76.1,Low,0.36
S0209,0.81,0.0,57.8,58.4,Medium,0.42
S0210,0.46,0.0,56.5,80.2,Low,0.05
S0211,0.0,0.41,46.3,10.0,Low,0.34
S0212,0.64,0.12,52.4,32.9,Low,0.39
S0213,0.45,0.94,48.4,36.6,High,0.8
S0214,0.64,0.38,56.3,39.5,Medium,0.55
S0215,0.75,0.69,55.3,32.3,High,0.77
S0216,0.25,0.53,79.0,95.0,Low,0.33
S0217,0.16,0.28,66.4,89.7,Low,0.2
S0218,0.32,0.66,73.0,68.4,Medium,0.42
S0219,0.53,0.0,77.8,42.7,Medium,0.42
S0220,0.06,1.0,90.1,15.5,High,0.94
S0221,0.07,0.8,73.0,56.6,Medium,0.57
S0222,0.85,1.0,51.7,25.8,High,0.98
S0223,0.0,0.4,38.0,51.3,Low,0.14
S0224,0.15,0.05,26.2,55.0,Low,0.05
S0225,0.0,0.45,61.7,35.5,Low,0.26
S0226,0.43,0.42,36.4,21.3,Medium,0.5
S0227,0.47,0.05,47.2,95.0,Low,0.0
S0228,0.4,0.01,43.3,17.6,Low,0.34
S0229,0.19,0.52,61.7,46.2,Medium,0.43
S0230,0.77,0.28,47.0,10.9,High,0.75
S0231,0.56,0.69,33.5,37.5,Medium,0.59
S0232,0.64,0.97,60.7,17.8,High,0.96
S0233,0.57,0.43,44.9,95.0,Low,0.31
S0234,0.3,0.6,90.1,68.6,Medium,0.63
S0235,0.4,0.28,36.1,19.4,Medium,0.46
S0236,0.48,0.43,76.9,48.2,Medium,0.61
S0237,0.53,0.53,82.6,65.2,Medium,0.6
S0238,0.54,0.86,33.4,11.4,High,0.74
S0239,0.53,0.83,73.3,70.2,Medium,0.69
S0240,0.5,0.72,55.5,58.3,Medium,0.66
S0241,0.6,0.35,89.9,10.1,High,0.95
S0242,0.28,0.15,61.9,55.1,Low,0.34
S0243,0.4,0.49,39.1,86.6,Low,0.14
S0244,0.62,0.57,33.8,64.6,Low,0.37
S0245,0.37,0.7,72.0,71.6,Medium,0.54
S0246,0.45,0.19,68.3,28.8,Medium,0.61
S0247,0.12,0.0,28.8,10.0,Low,0.07
S0248,0.22,0.0,56.6,73.8,Low,0.02
S0249,0.61,0.19,46.3,19.5,Medium,0.59
S0250,0.31,0.96,81.6,52.2,Medium,0.69
S0251,0.92,0.79,27.5,74.4,Medium,0.53
S0252,0.5,0.79,70.9,48.1,High,0.84
S0253,0.54,0.95,52.1,45.5,High,0.83
S0254,1.0,0.78,83.9,79.7,High,0.81
S0255,0.52,0.17,15.0,58.3,Low,0.12
S0256,0.45,0.15,58.2,50.5,Low,0.25
S0257,0.0,0.08,23.2,54.5,Low,0.0
S0258,0.6,0.43,41.6,14.6,High,0.72
S0259,0.3,0.52,40.7,56.1,Medium,0.41
S0260,0.45,0.52,70.0,67.0,Medium,0.56
S0261,0.56,0.13,20.5,45.4,Low,0.2
S0262,0.58,0.31,82.3,12.2,High,0.87
S0263,1.0,0.92,43.6,62.1,High,0.95
S0264,0.35,0.81,33.4,40.1,Medium,0.53
S0265,0.46,0.84,15.3,42.0,Medium,0.6
S0266,0.91,0.37,23.1,29.0,Medium,0.7
S0267,0.62,0.38,35.8,73.3,Low,0.39
S0268,0.95,0.14,87.4,12.2,High,0.93
S0269,0.12,0.51,28.6,69.8,Low,0.2
S0270,0.65,0.2,84.2,35.9,Medium,0.6
S0271,0.73,0.86,66.7,28.3,High,0.89
S0272,0.43,0.51,31.7,42.1,Medium,0.48
S0273,0.42,0.6,72.3,88.6,Low,0.4
S0274,0.57,0.23,33.8,55.7,Low,0.25
S0275,0.48,0.29,55.6,76.4,Low,0.22
S0276,0.01,0.0,38.5,26.3,Low,0.0
S0277,0.73,0.48,60.5,13.3,High,0.85
S0278,0.23,0.06,55.9,89.6,Low,0.0
S0279,0.45,0.65,54.8,43.8,Medium,0.51
S0280,0.33,0.79,71.2,59.0,Medium,0.53
S0281,0.79,0.37,41.1,51.5,Medium,0.62
S0282,0.54,0.6,39.4,73.7,Medium,0.43
S0283,0.47,0.45,41.4,46.4,Low,0.39
S0284,0.16,0.11,29.1,34.4,Low,0.05
S0285,0.52,0.4,91.6,28.9,High,0.81
S0286,0.65,1.0,52.5,69.0,Medium,0.68
S0287,0.33,0.19,87.4,12.2,High,0.73
S0288,0.85,0.54,86.9,24.6,High,1.0
S0289,0.21,0.0,51.8,45.2,Low,0.15
S0290,0.33,0.77,45.0,68.5,Medium,0.44
S0291,0.41,0.77,58.5,81.9,Medium,0.54
S0292,0.76,0.67,57.1,43.1,High,0.76
S0293,0.51,0.66,54.4,36.9,Medium,0.63
S0294,0.41,0.48,37.7,48.9,Low,0.37
S0295,0.73,0.44,42.2,29.6,Medium,0.56
S0296,0.43,0.25,72.9,94.6,Low,0.14
S0297,0.36,0.7,24.5,47.1,Low,0.36
S0298,0.43,0.59,47.1,64.1,Medium,0.45
S0299,0.6,0.76,60.1,29.5,High,0.74
S0300,0.32,0.63,83.1,29.6,High,0.73
S0301,0.64,0.15,66.7,76.8,Low,0.34
S0302,0.55,0.86,37.5,33.2,High,0.81
S0303,0.5,0.66,48.0,17.7,Medium,0.66
S0304,1.0,0.61,46.1,56.1,High,0.78
S0305,0.57,0.54,61.4,41.9,High,0.72
S0306,0.58,0.0,80.9,15.8,Medium,0.64
S0307,0.0,0.73,64.4,14.5,Medium,0.66
S0308,0.23,1.0,66.6,15.6,High,0.89
S0309,0.0,0.29,57.4,79.8,Low,0.01
S0310,0.44,0.02,47.8,95.0,Low,0.0
S0311,0.58,1.0,85.8,46.0,High,0.96
S0312,0.16,0.08,56.7,68.7,Low,0.15
S0313,0.8,0.96,87.7,91.8,High,0.94
S0314,0.39,0.52,37.8,16.2,Medium,0.54
S0315,0.25,0.47,51.7,44.1,Low,0.34
S0316,0.21,0.04,62.6,65.2,Low,0.1
S0317,0.46,0.15,27.9,29.3,Low,0.2
S0318,0.58,0.05,47.4,74.7,Low,0.16
S0319,0.3,0.0,45.7,31.6,Low,0.15
S0320,0.8,0.37,68.7,75.1,Medium,0.47
S0321,0.07,0.23,77.6,15.8,Medium,0.43
S0322,0.21,0.59,74.0,75.5,Low,0.31
S0323,0.44,0.65,86.2,16.6,High,0.95
S0324,0.66,0.4,79.7,77.3,Medium,0.47
S0325,0.45,0.63,59.1,18.0,High,0.71
S0326,0.75,0.84,62.1,27.7,High,0.91
S0327,0.76,0.27,66.8,55.2,Medium,0.49
S0328,0.3,0.12,95.0,85.1,Low,0.25
S0329,0.99,0.45,70.6,55.2,High,0.81
S0330,0.23,0.5,82.5,14.8,High,0.8
S0331,0.45,0.98,82.4,77.7,High,0.81
S0332,0.29,0.47,53.3,27.1,Medium,0.59
S0333,0.52,0.29,66.4,58.4,Medium,0.45
S0334,0.36,0.23,49.7,30.2,Low,0.38
S0335,0.67,0.04,62.5,26.3,Medium,0.62
S0336,0.67,0.6,84.3,28.5,High,1.0
S0337,0.6,0.0,45.0,56.2,Low,0.2
S0338,0.35,0.94,51.7,44.1,Medium,0.6
S0339,0.86,0.96,72.7,68.5,High,1.0
S0340,0.08,0.53,72.9,79.6,Low,0.26
S0341,0.61,0.17,44.5,34.0,Low,0.37
S0342,0.82,0.94,31.4,53.2,High,0.8
S0343,0.66,0.47,81.7,22.7,High,0.85
S0344,0.46,0.22,30.4,59.5,Low,0.17
S0345,0.96,0.06,26.8,80.9,Low,0.27
S0346,0.35,0.63,42.5,56.0,Low,0.36
S0347,0.32,0.68,45.6,38.5,Medium,0.44
S0348,0.74,0.91,16.6,33.2,High,0.74
S0349,0.34,0.87,58.0,63.9,Medium,0.49
S0350,0.66,0.83,58.1,51.1,High,0.84
S0351,0.3,0.12,45.2,45.8,Low,0.24
S0352,0.53,0.54,35.2,50.3,Low,0.4
S0353,0.56,0.04,69.3,21.6,Medium,0.56
S0354,0.44,0.62,77.3,95.0,Medium,0.54
S0355,0.28,0.81,69.1,82.4,Medium,0.48
S0356,0.59,0.0,61.7,63.5,Low,0.32
S0357,0.91,0.26,57.7,67.1,Medium,0.58
S0358,0.32,0.4,54.1,90.8,Low,0.15
S0359,0.24,0.85,43.7,46.1,Medium,0.44
S0360,0.5,0.24,95.0,53.8,Medium,0.54
S0361,0.73,0.06,39.2,46.8,Medium,0.44
S0362,0.62,0.8,85.3,20.1,High,1.0
S0363,0.82,0.79,31.9,63.1,Medium,0.69
S0364,0.6,0.52,95.0,61.3,Medium,0.69
S0365,0.52,0.59,82.2,15.8,High,0.94
S0366,1.0,0.31,53.0,63.0,Medium,0.69
S0367,0.12,0.55,57.3,10.0,Medium,0.55
S0368,0.33,0.39,57.6,10.0,Medium,0.67
S0369,0.56,0.36,61.8,40.0,Medium,0.64
S0370,0.63,0.34,66.3,15.8,High,0.75
S0371,0.72,0.94,88.8,16.9,High,1.0
S0372,0.29,0.41,78.0,31.4,Medium,0.63
S0373,0.62,0.72,64.6,49.4,High,0.82
S0374,0.65,0.98,32.5,77.3,Medium,0.5
S0375,0.66,0.41,47.3,73.3,Medium,0.5
S0376,0.07,0.68,94.5,38.3,High,0.74
S0377,0.77,0.32,49.6,59.5,Medium,0.53
S0378,0.25,0.22,81.1,66.6,Low,0.35
S0379,0.01,0.34,88.3,15.8,Medium,0.57
S0380,0.17,0.73,43.6,76.5,Low,0.26
S0381,0.44,0.43,45.8,49.5,Low,0.4
S0382,0.59,0.59,58.0,69.0,Medium,0.62
S0383,0.63,0.7,52.4,57.9,Medium,0.59
S0384,0.47,0.48,52.2,29.9,Medium,0.67
S0385,0.6,0.9,55.3,55.8,High,0.84
S0386,0.29,0.33,64.1,54.3,Medium,0.43
S0387,0.22,0.3,62.9,60.6,Low,0.17
S0388,0.4,0.42,52.8,32.2,Medium,0.59
S0389,0.55,0.32,59.2,47.8,Medium,0.41
S0390,0.67,0.41,66.8,43.3,Medium,0.56
S0391,0.53,0.25,32.3,30.7,Low,0.34
S0392,0.84,0.51,80.4,31.3,High,0.85
S0393,0.33,0.23,70.4,56.9,Medium,0.44
S0394,0.36,0.38,53.7,48.1,Medium,0.43
S0395,0.53,0.45,40.1,63.2,Medium,0.47
S0396,0.39,0.5,41.5,75.2,Low,0.29
S0397,0.7,0.57,72.6,31.3,High,0.77
S0398,0.82,0.68,69.7,52.2,High,0.8
S0399,0.49,1.0,28.5,68.6,Medium,0.58
S0400,0.36,0.6,71.9,75.5,Medium,0.53
S0401,0.47,0.37,48.4,56.2,Low,0.28
S0402,0.6,0.75,61.2,24.9,High,0.85
S0403,0.31,0.9,85.4,22.9,High,0.94
S0404,0.65,0.75,62.4,42.0,High,0.85
S0405,0.54,0.74,77.8,21.6,High,0.91
S0406,0.52,0.47,72.2,47.4,Medium,0.52
S0407,0.04,0.32,77.5,34.8,Low,0.33
S0408,0.19,0.94,68.5,63.9,Medium,0.64
S0409,0.29,0.73,67.5,58.4,Medium,0.65
S0410,0.49,0.25,63.2,48.6,Medium,0.48
S0411,0.13,0.31,33.0,36.9,Low,0.25
S0412,0.45,0.83,55.9,43.1,Medium,0.64
S0413,0.59,0.24,85.9,10.0,High,0.71
S0414,0.48,0.0,54.5,45.1,Low,0.2
S0415,0.31,0.34,69.4,16.5,Medium,0.64
S0416,0.42,0.8,41.4,52.7,Medium,0.55
S0417,0.85,0.65,65.0,64.7,High,0.82
S0418,0.7,0.93,79.4,43.6,High,0.89
S0419,0.28,0.79,94.4,26.6,High,0.82
S0420,0.49,0.24,23.0,60.6,Low,0.19
S0421,0.53,1.0,82.4,35.2,High,1.0
S0422,0.42,0.25,37.7,63.8,Low,0.22
S0423,0.7,0.14,63.9,89.4,Low,0.38
S0424,0.39,0.92,63.3,70.8,Medium,0.52
S0425,0.23,0.39,73.2,54.2,Medium,0.41
S0426,0.32,0.78,64.5,63.7,Medium,0.49
S0427,1.0,0.66,33.9,48.2,Medium,0.68
S0428,0.44,0.64,70.1,79.1,Medium,0.58
S0429,0.61,0.89,26.9,67.8,Medium,0.45
S0430,0.66,0.6,93.7,47.3,High,0.86
S0431,0.15,0.47,60.1,38.1,Low,0.4
S0432,0.7,0.6,46.3,61.0,Medium,0.54
S0433,0.3,0.26,39.9,67.6,Low,0.06
S0434,1.0,0.28,47.6,66.2,Medium,0.58
S0435,0.0,0.62,47.5,51.1,Low,0.38
S0436,0.12,0.62,53.3,11.6,Medium,0.61
S0437,0.61,0.71,92.1,16.2,High,1.0
S0438,0.24,0.0,92.4,14.1,Medium,0.51
S0439,0.79,0.63,75.9,73.4,High,0.82
S0440,0.75,1.0,62.0,10.2,High,1.0
S0441,0.56,0.41,58.2,61.4,Medium,0.5
S0442,0.64,0.69,41.0,52.5,Medium,0.55
S0443,0.53,0.5,53.0,53.3,Medium,0.42
S0444,0.5,0.7,47.4,36.7,Medium,0.64
S0445,0.55,0.0,57.3,49.7,Low,0.27
S0446,0.36,0.7,88.4,21.5,High,0.92
S0447,0.49,0.47,56.0,30.0,Medium,0.64
S0448,0.75,0.62,65.7,49.1,High,0.81
S0449,0.93,0.96,39.7,23.8,High,1.0
S0450,0.16,0.75,43.2,10.0,Medium,0.53
S0451,0.67,0.5,49.8,12.0,High,0.79
S0452,0.81,0.9,63.1,65.4,High,0.88
S0453,0.74,0.57,81.3,48.6,High,0.77
S0454,0.27,0.41,50.3,51.2,Low,0.36
S0455,0.61,0.24,73.4,87.9,Low,0.28
S0456,0.41,0.0,37.9,37.2,Low,0.19
S0457,0.61,0.24,60.7,17.5,Medium,0.54
S0458,0.19,0.7,80.4,18.4,High,0.84
S0459,0.43,0.65,85.8,37.5,High,0.86
S0460,0.03,0.66,76.1,68.1,Low,0.32
S0461,0.32,0.19,15.0,81.0,Low,0.0
S0462,0.11,0.81,51.8,76.9,Low,0.38
S0463,0.45,0.33,44.3,52.2,Low,0.27
S0464,1.0,0.31,67.9,53.6,Medium,0.68
S0465,0.72,0.46,85.0,41.7,High,0.89
S0466,0.51,0.57,75.0,54.9,Medium,0.69
S0467,0.66,0.86,25.9,51.6,Medium,0.54
S0468,0.52,0.28,51.0,10.0,Medium,0.58
S0469,1.0,0.15,70.0,10.0,High,0.95
S0470,0.0,0.92,39.6,51.2,Low,0.34
S0471,0.48,0.46,68.9,26.3,High,0.76
S0472,0.5,0.96,15.0,76.0,Low,0.39
S0473,0.37,0.47,87.6,17.3,High,0.79
S0474,0.5,0.0,49.7,71.8,Low,0.1
S0475,0.32,0.19,67.2,58.2,Low,0.27
S0476,0.27,0.36,92.8,29.9,High,0.72
S0477,0.53,0.0,57.9,46.9,Low,0.36
S0478,0.97,0.0,67.0,46.2,Medium,0.53
S0479,0.41,0.3,58.6,31.3,Medium,0.41
S0480,0.41,0.65,65.5,65.5,Medium,0.57
S0481,0.52,0.7,42.1,87.7,Low,0.36
S0482,0.46,0.31,66.0,42.8,Medium,0.45
S0483,0.08,0.14,49.0,67.3,Low,0.05
S0484,0.46,0.19,48.4,47.1,Low,0.37
S0485,0.69,0.93,82.6,27.4,High,1.0
S0486,0.62,0.32,78.5,29.1,High,0.73
S0487,0.71,0.94,68.9,81.6,High,0.75
S0488,1.0,0.5,80.5,26.6,High,0.92
S0489,0.35,0.59,54.3,31.8,Medium,0.62
S0490,0.68,0.78,78.7,15.2,High,1.0
S0491,0.84,0.53,95.0,82.4,High,0.73
S0492,0.87,0.48,49.4,21.7,High,0.88
S0493,0.82,0.81,44.5,46.1,High,0.73
S0494,0.61,0.27,38.1,36.1,Medium,0.48
S0495,0.96,0.0,85.9,61.7,Medium,0.68
S0496,0.53,0.0,47.7,37.5,Low,0.29
S0497,0.1,0.41,44.8,56.2,Low,0.18
S0498,0.22,1.0,37.4,50.2,Medium,0.64
S0499,0.17,0.8,29.2,10.0,Medium,0.52
S0500,0.0,0.7,64.4,54.5,Medium,0.41
S0501,0.33,0.02,52.6,86.2,Low,0.03
S0502,0.58,0.19,68.2,76.0,Low,0.25
S0503,0.38,0.42,65.4,56.0,Low,0.39
S0504,0.62,0.08,16.2,28.3,Low,0.37
S0505,0.43,0.27,24.5,61.1,Low,0.11
S0506,0.62,0.59,72.9,66.1,Medium,0.59
S0507,0.9,0.0,26.7,40.4,Medium,0.47
S0508,0.33,0.57,70.6,10.0,Medium,0.68
S0509,0.39,0.48,44.0,54.7,Medium,0.45
S0510,0.25,0.17,38.9,49.9,Low,0.21
S0511,0.54,0.88,75.5,23.7,High,0.99
S0512,0.69,0.35,66.2,25.7,High,0.81
S0513,0.17,0.13,75.1,28.0,Medium,0.47
S0514,1.0,1.0,45.0,38.4,High,1.0
S0515,0.19,0.32,34.2,10.3,Low,0.39
S0516,0.69,0.06,87.6,24.1,High,0.77
S0517,0.6,0.25,94.3,59.3,Medium,0.57
S0518,0.56,0.09,42.6,95.0,Low,0.12
S0519,0.94,0.36,57.6,79.1,Medium,0.62
S0520,0.4,0.57,74.4,19.8,High,0.85
S0521,0.46,0.48,51.4,50.1,Medium,0.56
S0522,0.77,0.52,27.5,65.0,Medium,0.43
S0523,0.28,0.68,73.2,10.0,High,0.88
S0524,0.4,0.7,22.6,85.2,Low,0.14
S0525,0.58,0.37,49.6,25.2,Medium,0.63
S0526,0.52,0.39,81.7,27.8,Medium,0.66
S0527,0.63,0.74,60.2,63.0,High,0.74
S0528,0.54,0.17,57.9,85.4,Low,0.17
S0529,0.38,0.92,27.3,39.6,Medium,0.53
S0530,0.22,0.0,54.2,85.1,Low,0.0
S0531,0.64,0.17,95.0,51.7,Medium,0.55
S0532,0.68,0.35,57.7,57.9,Medium,0.55
S0533,0.34,0.42,38.4,55.2,Low,0.26
S0534,0.43,0.56,67.8,42.1,Medium,0.69
S0535,0.78,0.21,53.1,44.7,Medium,0.53
S0536,0.89,0.37,73.9,14.4,High,0.88
S0537,0.22,0.92,85.1,12.2,High,0.9
S0538,0.0,0.71,75.2,83.5,Low,0.29
S0539,0.47,0.56,15.0,47.0,Medium,0.44
S0540,0.43,0.61,43.2,43.2,Medium,0.53
S0541,0.6,0.65,36.0,74.0,Low,0.39
S0542,0.51,0.24,66.5,70.2,Low,0.4
S0543,0.1,0.68,35.5,46.7,Low,0.28
S0544,0.56,0.65,60.0,83.2,Medium,0.5
S0545,0.6,0.46,82.1,18.9,High,0.89
S0546,0.59,0.25,33.8,74.8,Low,0.25
S0547,0.3,0.24,69.9,25.7,Low,0.4
S0548,0.67,1.0,21.5,47.4,High,0.8
S0549,0.48,0.72,36.6,69.8,Medium,0.51
S0550,0.33,0.53,17.7,20.0,Medium,0.46
S0551,0.87,0.95,39.0,10.0,High,1.0
S0552,1.0,0.5,47.4,65.1,Medium,0.66
S0553,0.88,0.66,35.2,29.7,High,0.88
S0554,0.47,0.0,52.2,44.1,Low,0.28
S0555,0.18,0.57,57.5,28.0,Medium,0.62
S0556,1.0,0.6,83.4,13.8,High,1.0
S0557,0.13,1.0,54.7,54.6,Medium,0.59
S0558,0.38,0.03,54.5,87.1,Low,0.02
S0559,0.7,0.55,44.8,55.9,Medium,0.64
S0560,0.56,0.71,56.4,75.4,Medium,0.54
S0561,0.55,0.28,36.8,45.1,Medium,0.45
S0562,0.0,0.38,40.8,10.0,Low,0.3
S0563,0.27,0.83,43.8,30.6,Medium,0.56
S0564,0.16,0.73,48.6,80.9,Low,0.3
S0565,0.9,0.68,53.8,42.6,High,0.78
S0566,0.97,0.59,40.7,56.0,High,0.72
S0567,0.53,0.99,35.0,24.3,High,0.88
S0568,0.13,0.93,49.4,40.7,Medium,0.53
S0569,0.93,0.5,40.1,60.0,High,0.71
S0570,0.55,0.16,65.6,71.8,Low,0.29
S0571,0.45,0.63,49.4,56.2,Medium,0.47
S0572,0.65,0.28,22.1,52.1,Low,0.29
S0573,0.77,0.67,55.4,77.1,Medium,0.62
S0574,0.37,0.47,92.0,39.5,Medium,0.67
S0575,0.58,0.53,95.0,61.4,High,0.75
S0576,0.3,0.94,73.3,29.2,High,0.85
S0577,0.68,0.65,63.9,62.0,High,0.71
S0578,0.58,0.62,43.3,20.4,High,0.76
S0579,0.84,0.86,53.8,89.2,Medium,0.58
S0580,0.0,0.35,61.5,45.2,Low,0.16
S0581,0.58,0.96,77.2,31.8,High,1.0
S0582,0.46,0.56,49.3,37.7,Medium,0.48
S0583,0.42,0.11,67.5,53.8,Low,0.35
S0584,0.5,0.95,87.9,24.0,High,0.99
S0585,0.84,0.42,58.8,34.5,Medium,0.66
S0586,0.55,0.03,37.8,70.9,Low,0.18
S0587,0.4,0.53,57.8,34.9,Medium,0.62
S0588,0.37,0.29,62.5,40.6,Medium,0.46
S0589,0.51,0.0,52.5,82.7,Low,0.18
S0590,0.63,0.35,33.0,36.3,Medium,0.48
S0591,0.65,0.79,33.2,82.1,Medium,0.56
S0592,0.45,0.03,89.3,31.0,Medium,0.46
S0593,0.92,1.0,20.5,47.7,High,0.89
S0594,0.52,0.4,43.9,81.7,Low,0.29
S0595,0.5,0.42,64.6,13.5,High,0.79
S0596,0.63,0.59,52.2,52.3,Medium,0.59
S0597,0.49,0.62,23.2,38.0,Medium,0.54
S0598,0.45,0.55,44.7,34.5,Medium,0.6
S0599,0.75,0.0,68.0,10.0,Medium,0.64
S0600,0.95,0.74,49.4,71.0,High,0.84
S0601,0.26,0.45,58.4,39.3,Medium,0.49
S0602,0.57,0.36,33.6,57.6,Low,0.36
S0603,0.43,0.32,87.6,38.4,Medium,0.55
S0604,0.23,0.56,50.8,59.0,Low,0.28
S0605,0.39,0.46,49.7,10.9,Medium,0.54
S0606,0.28,0.62,57.2,45.3,Medium,0.49
S0607,0.5,0.78,83.2,59.0,High,0.78
S0608,0.41,0.03,60.4,14.0,Medium,0.54
S0609,0.61,0.44,36.6,38.0,Medium,0.59
S0610,0.45,0.41,30.7,60.8,Low,0.2
S0611,0.6,0.83,40.3,67.5,Medium,0.64
S0612,0.06,0.26,93.4,52.7,Low,0.3
S0613,0.06,0.69,88.6,20.4,Medium,0.64
S0614,0.59,0.32,31.4,49.2,Low,0.38
S0615,0.52,0.62,79.3,39.9,High,0.78
S0616,0.27,0.69,61.1,10.6,Medium,0.66
S0617,0.68,0.42,74.7,43.0,Medium,0.68
S0618,0.37,0.44,87.5,39.3,Medium,0.6
S0619,0.43,0.62,54.6,46.4,Medium,0.55
S0620,0.77,0.33,59.2,16.1,High,0.81
S0621,0.3,0.32,77.8,93.7,Low,0.22
S0622,0.75,0.0,80.8,15.1,Medium,0.61
S0623,0.08,0.14,89.5,26.3,Medium,0.45
S0624,0.51,0.68,63.1,25.1,High,0.72
S0625,0.54,0.14,38.7,61.3,Low,0.16
S0626,0.21,0.72,54.2,70.1,Medium,0.42
S0627,0.61,0.52,74.2,41.5,Medium,0.67
S0628,0.71,0.59,55.7,22.5,High,0.87
S0629,0.52,0.22,31.3,18.2,Low,0.37
S0630,0.41,0.68,57.6,31.9,Medium,0.63
S0631,0.4,0.61,95.0,53.3,High,0.74
S0632,0.77,0.49,89.7,94.4,Medium,0.58
S0633,0.68,0.64,36.3,95.0,Medium,0.45
S0634,0.42,0.24,50.3,46.8,Medium,0.41
S0635,0.21,0.37,68.4,75.0,Low,0.16
S0636,0.65,0.86,61.1,61.6,Medium,0.66
S0637,0.26,0.54,64.0,34.8,Medium,0.45
S0638,0.75,0.48,70.5,42.2,High,0.75
S0639,0.16,0.22,91.0,74.5,Low,0.37
S0640,0.58,0.23,24.3,69.8,Low,0.12
S0641,0.57,0.22,59.5,83.8,Low,0.24
S0642,0.16,0.3,91.1,47.3,Medium,0.49
S0643,0.57,0.84,60.0,46.8,High,0.84
S0644,0.66,0.33,56.8,21.4,High,0.75
S0645,1.0,0.0,59.6,34.8,Medium,0.56
S0646,0.52,0.64,32.4,61.6,Low,0.34
S0647,0.62,0.0,15.0,65.7,Low,0.0
S0648,0.4,0.16,48.1,74.6,Low,0.18
S0649,0.47,0.12,85.9,68.8,Medium,0.47
S0650,0.64,0.39,15.0,27.1,Low,0.37
S0651,0.01,0.37,65.5,19.8,Low,0.33
S0652,0.31,0.52,58.3,58.7,Medium,0.41
S0653,0.62,0.52,35.0,48.4,Medium,0.44
S0654,0.38,1.0,77.6,35.4,High,0.89
S0655,0.8,0.38,66.6,67.1,Medium,0.65
S0656,0.0,0.56,22.6,12.3,Low,0.33
S0657,0.34,0.31,82.9,74.0,Low,0.37
S0658,0.71,0.55,54.6,55.9,Medium,0.59
S0659,0.53,0.95,46.2,40.0,High,0.71
S0660,0.22,0.22,47.8,10.0,Low,0.34
S0661,0.89,0.0,58.5,78.8,Medium,0.44
S0662,0.26,0.37,24.9,63.7,Low,0.22
S0663,0.73,1.0,37.6,62.6,High,0.75
S0664,0.75,0.53,95.0,61.6,High,0.78
S0665,0.75,0.37,30.6,41.3,Medium,0.6
S0666,0.46,0.88,62.9,50.6,High,0.77
S0667,0.87,0.43,93.3,29.9,High,0.88
S0668,0.56,0.48,50.0,70.5,Low,0.37
S0669,0.49,0.17,52.1,55.4,Low,0.27
S0670,0.43,0.99,45.8,47.2,Medium,0.6
S0671,0.76,0.19,58.8,95.0,Low,0.21
S0672,0.5,1.0,59.3,57.9,Medium,0.7
S0673,1.0,0.97,42.8,39.5,High,1.0
S0674,0.58,0.26,54.5,45.8,Medium,0.43
S0675,0.69,0.68,36.3,27.8,Medium,0.65
S0676,0.41,0.0,54.4,41.4,Low,0.34
S0677,0.64,0.0,42.7,29.0,Low,0.36
S0678,0.02,0.73,52.5,42.5,Medium,0.46
S0679,0.76,0.52,36.7,25.4,High,0.75
S0680,0.5,0.78,68.2,94.2,Medium,0.44
S0681,0.31,0.86,42.6,87.0,Low,0.27
S0682,0.88,0.47,62.4,67.9,High,0.74
S0683,0.23,0.53,49.5,33.4,Medium,0.45
S0684,0.0,0.31,53.4,71.5,Low,0.14
S0685,0.96,0.46,25.7,77.7,Medium,0.53
S0686,0.28,0.29,26.9,22.1,Low,0.32
S0687,0.99,0.11,43.4,93.3,Low,0.28
S0688,0.22,0.1,41.6,89.6,Low,0.0
S0689,0.69,0.71,79.8,78.7,High,0.79
S0690,0.55,0.61,61.1,65.6,Medium,0.65
S0691,0.12,0.65,95.0,60.5,Medium,0.63
S0692,0.0,0.54,65.0,50.1,Medium,0.41
S0693,0.74,0.88,76.0,43.2,High,1.0
S0694,0.53,0.9,47.0,43.0,High,0.73
S0695,0.52,0.46,58.9,16.1,Medium,0.63
S0696,0.53,0.77,54.8,20.7,High,0.75
S0697,0.52,0.13,65.4,84.2,Low,0.3
S0698,0.49,0.48,79.4,48.1,Medium,0.63
S0699,0.78,0.51,76.7,31.3,High,0.87
S0700,0.51,0.73,51.8,73.0,Medium,0.5
S0701,0.97,0.2,64.5,43.8,Medium,0.66
S0702,0.95,0.33,15.0,73.9,Low,0.25
S0703,0.52,0.59,79.0,22.6,High,0.8
S0704,0.14,1.0,76.5,55.3,High,0.76
S0705,0.59,0.92,84.3,43.3,High,0.94
S0706,0.59,0.19,57.2,51.4,Low,0.37
S0707,0.31,0.31,15.0,27.1,Low,0.19
S0708,0.61,0.33,76.3,52.1,Medium,0.63
S0709,0.59,1.0,27.7,60.1,Medium,0.65
S0710,0.5,0.0,24.6,51.2,Low,0.18
S0711,0.83,0.34,26.0,41.1,Medium,0.43
S0712,0.58,0.74,87.7,10.0,High,1.0
S0713,0.38,0.21,88.6,25.9,Medium,0.67
S0714,0.2,0.01,46.8,76.4,Low,0.0
S0715,0.17,0.12,60.7,61.1,Low,0.13
S0716,0.29,0.22,37.2,54.6,Low,0.25
S0717,0.06,0.6,53.9,81.6,Low,0.18
S0718,0.5,0.36,63.1,69.3,Medium,0.49
S0719,0.92,0.33,44.4,43.9,Medium,0.67
S0720,0.37,0.6,22.5,82.9,Low,0.21
S0721,0.73,0.31,89.7,46.2,High,0.81
S0722,0.67,0.03,18.1,52.0,Low,0.18
S0723,0.78,0.18,80.4,38.2,Medium,0.6
S0724,0.71,0.26,78.1,38.0,Medium,0.65
S0725,0.91,0.52,65.5,33.5,High,0.79
S0726,0.49,0.36,80.6,44.9,Medium,0.57
S0727,0.57,0.0,45.6,10.0,Low,0.37
S0728,1.0,0.58,15.0,71.8,Medium,0.58
S0729,0.37,0.0,80.4,40.3,Low,0.32
S0730,0.0,0.51,58.0,82.9,Low,0.16
S0731,0.32,0.28,60.8,17.3,Medium,0.59
S0732,0.53,0.0,68.9,10.0,Medium,0.56
S0733,0.38,0.91,55.8,80.2,Medium,0.5
S0734,0.69,0.66,50.0,95.0,Medium,0.51
S0735,0.52,1.0,82.5,23.2,High,1.0
S0736,0.58,0.7,50.9,10.0,High,0.94
S0737,0.87,1.0,65.0,10.0,High,1.0
S0738,0.7,0.13,58.3,39.9,Medium,0.56
S0739,0.53,0.96,55.5,43.6,High,0.84
S0740,0.51,0.2,71.0,31.6,Medium,0.56
S0741,0.52,0.57,56.2,88.1,Medium,0.44
S0742,0.24,0.63,56.0,27.0,Medium,0.56
S0743,0.78,0.53,82.4,95.0,Medium,0.5
S0744,0.53,0.53,51.8,59.0,Low,0.4
S0745,0.45,0.58,44.3,65.3,Low,0.36
S0746,0.19,0.42,73.8,52.8,Medium,0.44
S0747,0.71,0.77,63.6,27.2,High,0.96
S0748,0.2,0.74,95.0,89.7,Medium,0.46
S0749,0.4,0.43,15.9,91.6,Low,0.01
S0750,1.0,0.66,49.6,74.3,High,0.76
S0751,1.0,0.44,46.0,70.7,Medium,0.62
S0752,0.64,0.43,41.7,66.7,Medium,0.42
S0753,0.18,0.71,87.7,39.1,Medium,0.7
S0754,0.42,0.46,45.0,67.8,Low,0.28
S0755,0.4,0.38,31.7,15.4,Medium,0.54
S0756,0.0,0.49,55.9,17.4,Medium,0.48
S0757,0.51,0.76,80.9,10.0,High,1.0
S0758,0.23,0.71,37.5,95.0,Low,0.22
S0759,0.33,0.01,71.8,50.7,Low,0.29
S0760,0.7,0.52,53.7,93.9,Low,0.4
S0761,0.27,0.52,44.9,69.6,Low,0.26
S0762,0.56,0.47,65.7,26.0,Medium,0.65
S0763,0.34,0.01,71.8,32.0,Medium,0.41
S0764,0.77,0.17,74.8,41.2,Medium,0.54
S0765,0.92,0.0,42.0,77.0,Low,0.21
S0766,0.05,0.75,30.8,57.9,Low,0.22
S0767,0.4,0.23,38.0,82.4,Low,0.18
S0768,0.39,0.61,28.4,63.8,Medium,0.42
S0769,0.35,0.48,32.2,58.4,Low,0.36
S0770,0.59,0.37,56.8,60.9,Medium,0.52
S0771,0.84,0.36,37.5,55.2,Medium,0.52
S0772,0.5,0.41,67.9,63.8,Medium,0.57
S0773,0.55,0.36,66.1,95.0,Low,0.28
S0774,0.27,0.25,68.1,78.8,Low,0.23
S0775,0.64,0.95,25.6,50.4,Medium,0.59
S0776,0.79,0.82,43.3,67.7,High,0.73
S0777,0.63,0.07,87.7,22.2,High,0.76
S0778,0.63,0.59,77.3,65.3,Medium,0.68
S0779,0.27,0.88,68.6,73.0,Medium,0.6
S0780,0.75,0.7,80.8,50.8,High,0.97
S0781,0.64,0.62,65.5,54.7,High,0.78
S0782,0.46,0.31,61.8,49.8,Low,0.4
S0783,0.61,1.0,59.0,27.2,High,0.99
S0784,0.76,0.44,63.6,45.1,High,0.72
S0785,0.0,0.52,69.2,79.9,Low,0.21
S0786,0.6,0.18,61.6,27.8,Medium,0.63
S0787,0.49,0.24,62.0,63.4,Low,0.26
S0788,0.52,0.86,81.5,58.1,High,0.75
S0789,0.84,0.35,84.3,29.5,High,0.89
S0790,0.37,0.66,35.1,21.3,Medium,0.5
S0791,0.0,0.31,88.6,51.5,Low,0.3
S0792,0.55,0.28,20.1,61.4,Low,0.25
S0793,0.48,0.69,52.9,22.4,High,0.75
S0794,0.64,0.26,48.6,94.9,Low,0.18
S0795,0.5,0.66,69.7,10.0,High,0.92
S0796,0.29,0.57,44.7,37.1,Low,0.38
S0797,0.44,0.4,89.7,36.7,Medium,0.62
S0798,0.55,0.91,83.2,50.2,High,0.83
S0799,0.57,0.27,61.4,49.2,Medium,0.53
S0800,0.31,0.17,46.0,73.7,Low,0.15
S0801,0.44,0.37,37.4,50.2,Low,0.4
S0802,0.45,0.71,31.5,95.0,Low,0.24
S0803,0.74,0.46,51.4,71.0,Medium,0.59
S0804,0.23,0.9,93.8,12.5,High,1.0
S0805,0.74,0.44,95.0,28.0,High,0.83
S0806,0.73,0.73,37.2,79.2,Medium,0.57
S0807,0.53,0.21,70.8,95.0,Low,0.17
S0808,0.15,0.6,60.7,53.4,Medium,0.48
S0809,1.0,0.67,86.0,36.6,High,0.99
S0810,0.51,0.89,76.4,95.0,Medium,0.51
S0811,1.0,0.63,49.0,30.4,High,0.98
S0812,0.76,0.26,47.0,10.0,High,0.72
S0813,0.0,0.29,29.6,47.9,Low,0.01
S0814,1.0,0.77,58.7,73.8,High,0.74
S0815,0.41,0.57,79.6,68.9,Medium,0.54
S0816,0.06,0.82,94.0,95.0,Medium,0.46
S0817,0.34,0.38,72.4,49.6,Medium,0.49
S0818,0.71,0.6,70.0,63.3,Medium,0.7
S0819,0.57,0.53,39.5,45.1,Medium,0.43
S0820,0.77,0.27,46.4,28.9,Medium,0.61
S0821,0.31,0.6,76.3,51.7,Medium,0.61
S0822,0.69,0.5,35.4,50.3,Medium,0.54
S0823,0.5,0.21,77.6,59.0,Low,0.39
S0824,0.71,0.65,89.9,69.8,High,0.84
S0825,0.0,0.4,57.9,78.0,Low,0.14
S0826,0.37,0.23,28.3,60.1,Low,0.2
S0827,0.51,0.33,87.2,25.4,High,0.79
S0828,0.16,0.3,82.2,29.5,Medium,0.53
S0829,0.65,0.18,88.3,34.7,High,0.74
S0830,0.6,0.76,48.8,29.6,High,0.8
S0831,0.75,0.48,30.7,60.4,Low,0.38
S0832,0.56,0.46,32.5,30.5,Medium,0.58
S0833,0.83,0.15,93.8,21.8,High,0.8
S0834,0.68,0.43,70.5,77.1,Medium,0.49
S0835,0.63,0.55,67.0,73.0,Medium,0.58
S0836,0.31,0.55,31.2,40.7,Low,0.3
S0837,0.3,0.16,37.5,61.1,Low,0.17
S0838,0.36,0.05,52.2,57.4,Low,0.23
S0839,0.59,0.87,51.2,82.4,Medium,0.62
S0840,0.53,0.84,48.4,95.0,Medium,0.51
S0841,0.34,0.78,63.8,63.7,Medium,0.49
S0842,0.14,0.67,53.4,79.3,Low,0.18
S0843,0.41,0.08,48.2,63.6,Low,0.11
S0844,0.52,0.42,70.6,58.5,Medium,0.6
S0845,0.9,0.27,39.9,18.8,High,0.77
S0846,0.65,0.41,36.5,21.3,Medium,0.61
S0847,0.62,0.76,50.0,35.5,Medium,0.68
S0848,0.58,0.72,38.3,95.0,Low,0.38
S0849,0.48,0.6,46.7,12.0,Medium,0.65
S0850,0.27,0.47,52.3,95.0,Low,0.13
S0851,0.46,0.66,41.3,72.1,Medium,0.47
S0852,0.58,0.0,58.5,21.7,Medium,0.54
S0853,0.68,0.64,60.8,40.5,Medium,0.69
S0854,0.63,0.62,46.3,81.3,Medium,0.42
S0855,0.36,0.63,59.4,62.2,Medium,0.55
S0856,1.0,0.53,40.2,24.6,High,0.75
S0857,0.7,1.0,30.4,42.8,High,0.75
S0858,0.38,0.9,70.0,48.5,High,0.73
S0859,1.0,0.37,95.0,68.3,High,0.8
S0860,0.05,0.76,86.2,60.6,Medium,0.45
S0861,0.34,0.67,45.7,34.6,Medium,0.65
S0862,0.31,0.28,51.7,48.3,Low,0.3
S0863,0.27,0.66,58.8,16.4,Medium,0.66
S0864,0.79,0.02,49.6,16.9,Medium,0.54
S0865,0.92,0.62,81.0,75.8,High,0.72
S0866,1.0,0.12,74.6,85.5,Medium,0.49
S0867,0.44,0.97,68.8,71.0,High,0.71
S0868,0.78,0.98,59.0,39.5,High,1.0
S0869,1.0,0.58,52.7,13.2,High,0.9
S0870,0.47,0.17,28.5,26.9,Low,0.36
S0871,0.67,0.82,52.1,60.8,High,0.8
S0872,0.23,0.64,86.7,13.0,High,0.81
S0873,0.37,0.51,73.0,91.4,Low,0.34
S0874,0.19,0.43,85.2,14.1,High,0.71
S0875,0.55,0.76,53.2,28.1,Medium,0.69
S0876,0.0,0.12,19.4,55.3,Low,0.0
S0877,0.75,0.54,31.1,95.0,Medium,0.42
S0878,0.6,0.78,43.2,10.7,High,0.93
S0879,0.8,0.28,60.5,17.9,High,0.74
S0880,0.37,0.25,33.5,43.8,Low,0.17
S0881,0.54,0.22,70.4,12.5,Medium,0.66
S0882,0.43,0.99,33.3,74.8,Medium,0.47
S0883,0.14,0.16,76.0,45.0,Low,0.21
S0884,0.79,0.51,85.3,66.4,Medium,0.69
S0885,0.7,0.0,95.0,10.0,High,0.82
S0886,0.93,0.34,63.8,68.0,Medium,0.56
S0887,0.71,0.43,47.8,32.4,Medium,0.67
S0888,0.88,0.64,23.4,13.6,High,0.72
S0889,0.89,0.17,87.0,17.2,High,0.84
S0890,0.75,0.27,27.7,27.7,Medium,0.6
S0891,0.5,0.62,69.9,13.8,High,0.81
S0892,0.53,0.61,42.0,47.7,Medium,0.52
S0893,0.84,0.66,80.6,73.0,High,0.87
S0894,0.32,0.24,74.9,72.5,Low,0.36
S0895,0.81,0.45,47.6,50.9,Medium,0.63
S0896,0.44,0.36,22.0,95.0,Low,0.12
S0897,0.69,0.69,48.7,26.6,High,0.86
S0898,0.33,0.22,59.8,76.9,Low,0.19
S0899,0.29,1.0,25.4,52.4,Medium,0.45
S0900,0.57,0.39,64.9,95.0,Low,0.35
S0901,0.66,0.1,56.3,42.2,Medium,0.49
S0902,0.47,0.53,57.2,77.1,Medium,0.47
S0903,0.22,0.0,21.3,82.3,Low,0.0
S0904,0.54,0.33,38.6,49.7,Low,0.37
S0905,0.3,0.09,81.7,23.6,Medium,0.49
S0906,0.32,0.29,47.7,69.8,Low,0.28
S0907,0.55,0.43,45.6,74.9,Low,0.25
S0908,0.78,0.75,76.0,47.0,High,0.85
S0909,0.36,0.56,69.2,46.7,Medium,0.49
S0910,0.58,0.2,38.1,31.1,Low,0.36
S0911,0.71,0.04,31.4,95.0,Low,0.1
S0912,0.47,0.68,54.5,84.8,Medium,0.52
S0913,0.65,1.0,15.0,44.1,Medium,0.64
S0914,0.58,0.61,69.3,35.9,Medium,0.7
S0915,0.7,0.53,61.0,47.8,Medium,0.6
S0916,0.69,0.68,56.1,20.0,High,0.86
S0917,0.43,0.54,47.8,68.4,Low,0.4
S0918,0.56,0.47,57.6,51.5,Medium,0.64
S0919,0.57,0.49,28.6,25.8,Medium,0.53
S0920,0.63,0.81,57.9,78.6,Medium,0.69
S0921,0.81,0.24,82.8,84.7,Medium,0.59
S0922,0.3,1.0,17.9,66.1,Low,0.34
S0923,0.62,1.0,31.9,59.2,Medium,0.69
S0924,0.65,0.58,18.9,13.5,Medium,0.56
S0925,0.28,0.48,15.0,33.8,Low,0.31
S0926,0.28,0.57,58.7,93.5,Low,0.28
S0927,0.56,0.25,61.0,95.0,Low,0.15
S0928,0.88,0.2,90.0,38.8,High,0.86
S0929,0.48,0.0,91.2,34.9,Medium,0.46
S0930,0.75,0.46,47.6,35.4,High,0.75
S0931,0.42,0.19,45.7,17.9,Medium,0.5
S0932,0.75,0.17,50.3,21.7,Medium,0.68
S0933,0.4,0.52,68.3,27.0,Medium,0.62
S0934,0.37,0.55,43.7,50.8,Medium,0.44
S0935,0.2,0.61,73.4,79.2,Medium,0.43
S0936,0.43,0.71,58.0,79.3,Medium,0.56
S0937,0.46,0.54,65.8,55.2,Medium,0.6
S0938,1.0,0.48,62.6,69.4,High,0.74
S0939,0.54,0.54,55.8,17.5,Medium,0.69
S0940,0.56,0.84,51.6,69.0,Medium,0.7
S0941,0.18,0.11,30.5,74.3,Low,0.0
S0942,0.25,0.38,47.3,72.9,Low,0.21
S0943,0.65,0.0,43.1,62.7,Low,0.32
S0944,0.51,0.3,48.7,54.0,Medium,0.41
S0945,0.98,1.0,80.8,52.4,High,1.0
S0946,0.49,1.0,58.6,11.2,High,0.98
S0947,0.92,0.18,51.5,50.4,Medium,0.63
S0948,0.48,0.75,42.9,48.6,Medium,0.53
S0949,0.43,0.47,71.4,37.4,Medium,0.59
S0950,0.57,0.0,49.9,31.4,Low,0.36
S0951,0.79,0.73,41.9,41.4,High,0.84
S0952,0.3,0.41,63.9,53.6,Medium,0.5
S0953,0.69,0.35,87.6,11.6,High,0.97
S0954,0.31,0.35,58.7,86.8,Low,0.19
S0955,0.49,0.27,51.8,26.5,Medium,0.53
S0956,1.0,0.59,84.7,33.1,High,0.98
S0957,0.35,0.82,66.1,48.2,High,0.72
S0958,0.54,1.0,56.6,55.7,Medium,0.67
S0959,0.58,0.3,29.5,59.3,Low,0.33
S0960,0.54,0.45,63.0,91.5,Low,0.31
S0961,0.3,0.54,38.4,65.1,Low,0.25
S0962,0.63,0.8,25.0,51.7,Medium,0.57
S0963,0.65,0.58,38.8,90.1,Low,0.3
S0964,0.53,0.68,52.1,30.4,High,0.8
S0965,0.77,0.55,55.0,16.7,High,0.95
S0966,0.41,0.41,38.8,13.8,Medium,0.5
S0967,0.55,0.83,38.8,12.0,High,0.73
S0968,0.38,0.56,60.2,10.0,Medium,0.65
S0969,0.35,0.0,43.4,61.2,Low,0.17
S0970,0.87,0.31,80.3,83.9,Medium,0.5
S0971,0.04,0.06,57.5,30.0,Low,0.25
S0972,0.19,0.0,65.8,71.4,Low,0.01
S0973,0.57,1.0,86.2,18.0,High,1.0
S0974,0.0,0.62,36.8,68.9,Low,0.15
S0975,0.13,0.65,47.2,10.0,Medium,0.66
S0976,0.83,0.22,85.6,10.0,High,0.97
S0977,0.39,0.55,58.4,95.0,Low,0.37
S0978,0.61,0.65,73.9,33.9,High,0.75
S0979,0.01,0.03,59.8,30.8,Low,0.15
S0980,0.7,0.59,35.5,72.1,Medium,0.42
S0981,0.34,0.95,71.5,52.3,Medium,0.66
S0982,0.34,0.24,67.9,62.9,Low,0.25
S0983,0.66,1.0,53.9,56.5,High,0.79
S0984,0.17,0.68,84.0,60.9,Medium,0.49
S0985,0.52,0.15,45.5,35.0,Medium,0.47
S0986,0.04,0.5,64.6,74.1,Low,0.21
S0987,0.28,0.33,87.2,48.4,Medium,0.44
S0988,1.0,0.34,65.2,53.5,High,0.79
S0989,0.24,0.57,28.9,57.2,Low,0.22
S0990,0.45,0.0,58.7,95.0,Low,0.0
S0991,0.26,0.04,63.5,73.7,Low,0.15
S0992,0.1,0.0,45.2,69.8,Low,0.0
S0993,0.59,0.78,24.2,53.7,Medium,0.49
S0994,0.69,0.81,23.3,10.0,High,0.78
S0995,0.65,1.0,64.6,44.4,High,0.96
S0996,0.88,0.49,25.1,27.0,High,0.76
S0997,0.24,0.89,52.8,10.0,High,0.82
S0998,0.0,0.0,73.5,95.0,Low,0.0
S0999,0.48,0.32,63.7,79.1,Low,0.27
S1000,1.0,0.39,65.8,88.0,Medium,0.5
